,NOMBRE,SEGUIDORES,TP,PAÍS,TEMA DE INFLUENCIA,ALCANCE POTENCIAL,GUARDAR,INVITAR A LA CAMPAÑA,Channel Name,Total subscribers,total views,total videos
1,NoCopyrightSounds @UC_aEa8K-EOJ3D6gOs7HcyNg,32.9M,-,Reino Unido,Música,9.9M,,Ver Perfil,NoCopyrightSounds,32900000,15748963210,2748
2,DanTDM @UCS5Oz6CHmeoF7vSad0qqXfw,26.3M,-,Reino Unido,,7.9M,,Ver Perfil,DanTDM,26300000,19384756209,9614
3,KSI @UCVtFOytbRpEvzLjvqGG5gxQ,24M,-,Reino Unido,,7.2M,,Ver Perfil,KSI,24000000,12938475620,5829
4,Mister Max @UC_8PAD0Qmi6_gpe77S1Atgg,23M,0.10%,Reino Unido,,6.9M,,Ver Perfil,Mister Max,23000000,18374652901,3076
5,Jelly @UC0DZmkupLYwc0yDsfocLh0A,22.9M,-,Reino Unido,,6.9M,,Ver Perfil,Jelly,22900000,19283746520,4152
6,Miss Katy @UCcartHVtvAUzfajflyeT_Gg,22.6M,-,Reino Unido,,6.8M,,Ver Perfil,Miss Katy,22600000,13579246810,8317
7,Dua Lipa @UC-J-KZfRV8c13fOCkhXdLiQ,21.1M,-,Reino Unido,,6.3M,,Ver Perfil,Dua Lipa,21100000,14682937501,7492
8,Dan Rhodes @UC6D1L2vxEAg_Vi0JSxMBDgA,17.7M,0.30%,Reino Unido,,5.3M,,Ver Perfil,Dan Rhodes,17700000,17283946520,1934
9,Ali-A @UCYVinkwSX7szARULgYpvhLw,17.7M,-,Reino Unido,,5.3M,,Ver Perfil,Ali-A,17700000,19384726015,5861
10,Gaby and Alex @UCHwBjRoGO1V-H8QYXjSVHkQ,17M,-,Reino Unido,,5.1M,,Ver Perfil,Gaby and Alex,17000000,18475629310,4723
11,Sidemen @sidemen,17M,2.80%,Reino Unido,,5.1M,,Ver Perfil,Sidemen,17000000,15673849201,9283
12,Queen Official @UCiMhD4jzUqG-IgPzUmmytRQ,16.3M,-,Reino Unido,,4.9M,,Ver Perfil,Queen Official,16300000,16482937520,3467
13,Little Mix @UCIvqWqjC4aLvp7zI8hzARrA,16.1M,-,Reino Unido,,4.8M,,Ver Perfil,Little Mix,16100000,19837465209,8159
14,JJ Olatunji @UCGmnsW623G1r-Chmo5RB4Yw,15.9M,-,Reino Unido,,4.8M,,Ver Perfil,JJ Olatunji,15900000,17384926501,7234
15,F2Freestylers - Ultimate Soccer Skills Channel @UCKvn9VBLAiLiYL4FFJHri6g,14M,0.20%,Reino Unido,Celebridad,4.2M,,Ver Perfil,F2Freestylers - Ultimate Soccer Skills Channel,14000000,12839475620,1508
16,BBC News @UC16niRr50-MSBwiO3YDb3RA,13.3M,-,Reino Unido,,4M,,Ver Perfil,BBC News,13300000,14253687910,9642
17,BBC @UCCj956IF62FbT7Gouszaj9w,12.9M,-,Reino Unido,,3.9M,,Ver Perfil,BBC,12900000,19584736210,2137
18,Awakening Music @UCBq5hp6DvwWam2XOXw6lYJA,12.4M,-,संयुक्त अधिराज्य,सङ्गीत,3.7M,,प्रोफ़ाइल देखें,Awakening Music,12400000,13948576201,4875
19,DisneyChannelUK @UCLeuoGy_hUDTBf5Hk0ynrpQ,12.3M,-,संयुक्त अधिराज्य,,3.7M,,प्रोफ़ाइल देखें,DisneyChannelUK,12300000,17284936520,6958
20,colinfurze @UCp68_FLety0O-n9QU6phsgw,11.9M,0.60%,संयुक्त अधिराज्य,,3.6M,,प्रोफ़ाइल देखें,colinfurze,11900000,13456782901,3420
21,Mrwhosetheboss @UCMiJRAwDNSNzuYeN2uWa0pA,11.8M,1.90%,संयुक्त अधिराज्य,,3.5M,,प्रोफ़ाइल देखें,Mrwhosetheboss,11800000,16384759210,12750
22,TommyInnit @UC5p_l5ZeB_wGjO_yDXwiqvw,11.7M,-,संयुक्त अधिराज्य,,3.5M,,प्रोफ़ाइल देखें,TommyInnit,11700000,19283746510,11364
23,Morgz @UCBwSufNse8VMBvQM_rCSvgQ,11.6M,0.10%,संयुक्त अधिराज्य,,3.5M,,प्रोफ़ाइल देखें,Morgz,11600000,15739482601,10481
24,Tiana @UC6sSkkemzPjmrzS0Y0V_2zw,11.4M,-,संयुक्त अधिराज्य,,3.4M,,प्रोफ़ाइल देखें,Tiana,11400000,18473659210,13076
25,DisneyJuniorUK @UC7Gf2tZ8coTX2ckTPgn62iQ,11.2M,-,संयुक्त अधिराज्य,,3.4M,,प्रोफ़ाइल देखें,DisneyJuniorUK,11200000,17283946501,11934
26,Emily Tube @UC-0D1RlSzcvBoODCKSoLl2g,11M,-,संयुक्त अधिराज्य,,3.3M,,प्रोफ़ाइल देखें,Emily Tube,11000000,19374856210,14523
27,Slogo @UCHdMK5Ef2El8KbD3L_WgANg,10.9M,-,संयुक्त अधिराज्य,,3.3M,,प्रोफ़ाइल देखें,Slogo,10900000,18273649520,12013
28,Jessie J @UC4pEp0mo54WhEBCTYvjVDJA,10.4M,-,संयुक्त अधिराज्य,,3.1M,,प्रोफ़ाइल देखें,Jessie J,10400000,14758293601,17492
29,Sing King @UCwTRjvjVge51X-ILJ4i22ew,10.2M,-,संयुक्त अधिराज्य,,3.1M,,प्रोफ़ाइल देखें,Sing King,10200000,19574632810,15861
30,BBC News عربي @UCelk6aHijZq-GJBBB9YpReA,10.1M,-,संयुक्त अधिराज्य,,3M,,प्रोफ़ाइल देखें,BBC News عربي,10100000,13847562910,14723
31,Classic Mr Bean @UCEwIUtFBhaI2L2PuKv0KL2g,9.9M,-,संयुक्त अधिराज्य,,3M,,प्रोफ़ाइल देखें,Classic Mr Bean,9900000,18473659201,19283
32,Syndicate @UC1ieoHqKW-yYgDhLHIcx28w,9.7M,-,संयुक्त अधिराज्य,,2.9M,,प्रोफ़ाइल देखें,Syndicate,9700000,16384752901,13467
33,Gorillaz @UCfIXdjDQH9Fau7y99_Orpjw,9.4M,0.10%,संयुक्त अधिराज्य,,2.8M,,प्रोफ़ाइल देखें,Gorillaz,9400000,19584736201,18159
34,Woody & Kleiny @UCoGForHQAmk0_9rI9CABeYw,9.4M,1.10%,संयुक्त अधिराज्य,,2.8M,,प्रोफ़ाइल देखें,Woody & Kleiny,9400000,14826375910,17234
35,Jungle Beat @UChUHOEe7zgYmrv7a_LlpNng,9.3M,-,संयुक्त अधिराज्य,यात्रा,2.8M,,प्रोफ़ाइल देखें,Jungle Beat,9300000,17284936510,16508
36,Julius Dein @juliusdein,9.2M,-,संयुक्त अधिराज्य,,2.8M,,प्रोफ़ाइल देखें,Julius Dein,9200000,13467892501,19642
37,The X Factor UK @UCEY1ejsweY4DgMwOVJeEaBA,9.1M,0.10%,संयुक्त अधिराज्य,,2.7M,,प्रोफ़ाइल देखें,The X Factor UK,9100000,19583746210,12137
38,English with Lucy @UCz4tgANd4yy8Oe0iXCdSWfA,9M,-,संयुक्त अधिराज्य,,2.7M,,प्रोफ़ाइल देखें,English with Lucy,9000000,17483926510,14875
39,Shaun the Sheep @UCS7H8U-n5mINVJjJsaRtGHg,8.9M,-,संयुक्त अधिराज्य,,2.7M,,प्रोफ़ाइल देखें,Shaun the Sheep,8900000,13847562901,16958
40,Cartoons for Kids @UC977n5nXRn8MDuGQjwxkOLw,8.7M,-,संयुक्त अधिराज्य,,2.6M,,प्रोफ़ाइल देखें,Cartoons for Kids,8700000,16384752910,13420
41,Mumbo Jumbo @UChFur_NwVSbUozOcF_F2kMg,8.5M,1.70%,संयुक्त अधिराज्य,भिडियो गेमिङ,2.6M,,प्रोफ़ाइल देखें,Mumbo Jumbo,8500000,14826375901,15713
42,Top Gear @UCjOl2AUblVmg2rA_cRgZkFg,8.4M,-,संयुक्त अधिराज्य,,2.5M,,प्रोफ़ाइल देखें,Top Gear,8400000,19283746501,8025
43,Moonbug Kids - Kids Learning Videos @UC1QqdFv5e9QSEi0eYdfwuqw,8.3M,-,संयुक्त अधिराज्य,,2.5M,,प्रोफ़ाइल देखें,Moonbug Kids - Kids Learning Videos,8300000,13948576210,6491
44,BBC Radio 1 @UC-FQUIVQ-bZiefzBiQAa8Fw,8.1M,-,संयुक्त अधिराज्य,,2.4M,,प्रोफ़ाइल देखें,BBC Radio 1,8100000,17684932501,1364
45,Liverpool FC @liverpoolfc,8M,-,संयुक्त अधिराज्य,,2.4M,,प्रोफ़ाइल देखें,Liverpool FC,8000000,14572893610,9257
46,Grian @UCR9Gcq0CMm6YgTzsDxAxjOQ,7.8M,1.80%,संयुक्त अधिराज्य,,2.3M,,प्रोफ़ाइल देखें,Grian,7800000,19283746501,4819
47,Daz Games @UCDBCCMlFD-hArPbWv38FINA,7.6M,0.30%,संयुक्त अधिराज्य,,2.3M,,प्रोफ़ाइल देखें,Daz Games,7600000,19384726010,7035
48,Vikkstar123 @UCvwgF_0NOZe2vN4Q3g1bY-A,7.6M,-,संयुक्त अधिराज्य,,2.3M,,प्रोफ़ाइल देखें,Vikkstar123,7600000,16473849510,2674
49,PlayToys @UCHFA6Nt11kE_8OWIya0SQDQ,7.6M,-,संयुक्त अधिराज्य,,2.3M,,प्रोफ़ाइल देखें,PlayToys,7600000,19837465201,5198
50,carwow @UCUhFaUpnq31m6TNX2VKVSVA,7.5M,0.20%,संयुक्त अधिराज्य,,2.2M,,प्रोफ़ाइल देखें,carwow,7500000,17284936510,8762
51,Jeremy Lynch @UC5Y1pPVNm-odhiubuRO1D6A,7.4M,-,संयुक्त अधिराज्य,,2.2M,,प्रोफ़ाइल देखें,Jeremy Lynch,7400000,18273649501,1583
52,TomSka @UCOYWgypDktXdb-HfZnSMK6A,7.2M,2.20%,संयुक्त अधिराज्य,,2.2M,,प्रोफ़ाइल देखें,TomSka,7200000,14572893601,6347
53,YOGSCAST Lewis & Simon @UCH-_hzb2ILSCo9ftVSnrCIQ,7.1M,-,संयुक्त अधिराज्य,समाचारहरू,2.1M,,प्रोफ़ाइल देखें,YOGSCAST Lewis & Simon,7100000,19583746201,7129
54,LDShadowLady @UCzTlXb7ivVzuFlugVCv3Kvg,7M,-,संयुक्त अधिराज्य,भिडियो गेमिङ,2.1M,,प्रोफ़ाइल देखें,LDShadowLady,7000000,17384926510,9241
55,The Beatles @UCc4K7bAqpdBP8jh1j9XZAww,6.9M,0.10%,संयुक्त अधिराज्य,,2.1M,,प्रोफ़ाइल देखें,The Beatles,6900000,13847562910,3865
56,Passenger @UCFHtCB_FWXQ8GpjgfYcD8-g,6.9M,-,संयुक्त अधिराज्य,,2.1M,,प्रोफ़ाइल देखें,Passenger,6900000,19283746510,5402
57,MessYourself @UCrSgaO6xOY8YV1EoCbD51HA,6.9M,-,संयुक्त अधिराज्य,,2.1M,,प्रोफ़ाइल देखें,MessYourself,6900000,13948576201,8236
58,MoreSidemen @UCh5mLn90vUaB1PbRRx_AiaA,6.8M,0.60%,संयुक्त अधिराज्य,,2M,,प्रोफ़ाइल देखें,MoreSidemen,6800000,14826375910,6589
59,Boomerang UK @UCmst562fALOY2cKb4IFgqEg,6.8M,-,संयुक्त अधिराज्य,,2M,,प्रोफ़ाइल देखें,Boomerang UK,6800000,16384752901,1924
60,James Arthur @UCV5Gw7GGOMxe6SSF6llp_3Q,6.8M,-,संयुक्त अधिराज्य,,2M,,प्रोफ़ाइल देखें,James Arthur,6800000,14572893601,7153
61,ARPO The Robot @UCrSx8rek9EuC3YGHvG8aalw,6.7M,-,संयुक्त अधिराज्य,,2M,,प्रोफ़ाइल देखें,ARPO The Robot,6700000,18473659210,4701
62,24 News HD @UCcmpeVbSSQlZRvHfdC-CRwg,6.7M,-,संयुक्त अधिराज्य,,2M,,प्रोफ़ाइल देखें,24 News HD,6700000,13467892510,6235
63,RubyandBonnie @UC_wITz-Ze4JFc3WLQA1n3Hw,6.6M,-,संयुक्त अधिराज्य,,2M,,प्रोफ़ाइल देखें,RubyandBonnie,6600000,19583746201,8937
64,Nickelodeon UK @UCHiceVclOIFCgAcveITRLLw,6.6M,-,संयुक्त अधिराज्य,,2M,,प्रोफ़ाइल देखें,Nickelodeon UK,6600000,19384726001,1426
65,Mark Ronson @UCSY5V7BJSrxNvvBF0Drslow,6.5M,-,संयुक्त अधिराज्य,,2M,,प्रोफ़ाइल देखें,Mark Ronson,6500000,14826375901,9784
66,Rhia Official @UCQdsJ95w9jh-yB0BA6EDGWA,6.4M,-,संयुक्त अधिराज्य,,1.9M,,प्रोफ़ाइल देखें,Rhia Official,6400000,19283746510,3119
67,UKF Dubstep @UCfLFTP1uTuIizynWsZq2nkQ,6.3M,-,संयुक्त अधिराज्य,,1.9M,,प्रोफ़ाइल देखें,UKF Dubstep,6300000,19574632801,6073
68,TGFbro @UCOgUcv_9DaivXzsN9mcHIzQ,6.2M,0.90%,संयुक्त अधिराज्य,,1.9M,,प्रोफ़ाइल देखें,TGFbro,6200000,17483926501,2458
69,Wilbur Soot @UC1n_PfsVqxllCcnMPlxBIjw,6.2M,2.60%,संयुक्त अधिराज्य,,1.9M,,प्रोफ़ाइल देखें,Wilbur Soot,6200000,13847562910,8932
70,Russell Brand @UCswH8ovgUp5Bdg-0_JTYFNw,6.2M,-,संयुक्त अधिराज्य,,1.9M,,प्रोफ़ाइल देखें,Russell Brand,6200000,17284936501,7684
71,Manchester United @UC6yW44UGJJBvYTlfC7CRg2Q,6.2M,0.20%,संयुक्त अधिराज्य,,1.9M,,प्रोफ़ाइल देखें,Manchester United,6200000,16384759210,5349
72,Pingu - Official Channel @UCM88mtSE0zRTn5ae4EbYcuw,6.2M,-,संयुक्त अधिराज्य,,1.8M,,प्रोफ़ाइल देखें,Pingu - Official Channel,6200000,18473659201,6271
73,Mrwhosetheboss Shorts @UCZSlfzadjnw7G419c_OJ9eg,6.1M,-,संयुक्त अधिराज्य,,1.8M,,प्रोफ़ाइल देखें,Mrwhosetheboss Shorts,6100000,19283746520,9048
74,Niko Omilana @UCdcUmdOxMrhRjKMw-BX19AA,6M,16.20%,संयुक्त अधिराज्य,,1.8M,,प्रोफ़ाइल देखें,Niko Omilana,6000000,14572893610,1387
75,Tiana Wilson @UC7_yh9PEDpaqp34QtGO-_Yw,5.9M,-,संयुक्त अधिराज्य,,1.8M,,प्रोफ़ाइल देखें,Tiana Wilson,5900000,19583746210,5629
76,Capital FM @UCZzwjZPc6R_PbnDgFVMwlvQ,5.8M,-,संयुक्त अधिराज्य,,1.7M,,प्रोफ़ाइल देखें,Capital FM,5800000,13847562901,7892
77,Simon's Cat @UCH6vXjt-BA7QHl0KnfL-7RQ,5.8M,0.30%,संयुक्त अधिराज्य,,1.7M,,प्रोफ़ाइल देखें,Simon's Cat,5800000,17483926501,6735
78,CGP Grey @UC2C_jShtL725hvbm1arSV9w,5.8M,-,संयुक्त अधिराज्य,,1.7M,,प्रोफ़ाइल देखें,CGP Grey,5800000,19583746201,9347
79,Jamie Oliver @UCpSgg_ECBj25s9moCDfSTsA,5.8M,-,संयुक्त अधिराज्य,,1.7M,,प्रोफ़ाइल देखें,Jamie Oliver,5800000,19384726001,2541
80,ChrisMD @sirhcchris2010,5.6M,2.20%,संयुक्त अधिराज्य,,1.7M,,प्रोफ़ाइल देखें,ChrisMD,5600000,16384759201,6198
81,Dumori Bay @UC-VDfQNL-S44eZscGlXI14g,5.6M,-,संयुक्त अधिराज्य,,1.7M,,प्रोफ़ाइल देखें,Dumori Bay,5600000,13847562910,8472
82,Space Videos @UCakgsb0w7QB0VHdnCc-OVEA,5.5M,-,संयुक्त अधिराज्य,,1.7M,,प्रोफ़ाइल देखें,Space Videos,5500000,17284936501,1459
83,Real Stories @UCu4XcDBdnZkV6-5z2f16M0g,5.5M,-,संयुक्त अधिराज्य,प्रसिद्धि,1.7M,,प्रोफ़ाइल देखें,Real Stories,5500000,18473659210,7039
84,More Emily @UCO66lK14MYiXlu0A6pQ4ouA,5.4M,-,संयुक्त अधिराज्य,,1.6M,,प्रोफ़ाइल देखें,More Emily,5400000,14826375901,5124
85,GRM Daily @UCqTwKvjbTENZDGbz2si47ag,5.3M,-,संयुक्त अधिराज्य,,1.6M,,प्रोफ़ाइल देखें,GRM Daily,5300000,19283746501,9248
86,Joe Weller @UCLk9wddjT0F-HILLRFXodtg,5.3M,1.90%,संयुक्त अधिराज्य,,1.6M,,प्रोफ़ाइल देखें,Joe Weller,5300000,13948576210,8375
87,WildBrain Kids @UCbmWOFTbZoDLWqG1rvFnJ0g,5.2M,-,संयुक्त अधिराज्य,प्रसिद्धि,1.6M,,प्रोफ़ाइल देखें,WildBrain Kids,5200000,17384926510,4691
88,Sky News @UCoMdktPbSTixAyNGwb-UYkQ,5.2M,-,संयुक्त अधिराज्य,,1.5M,,प्रोफ़ाइल देखें,Sky News,5200000,16473849501,2539
89,Jarvis @UCvxfEIG3PHpgM0TMJJ_SH-w,5M,0.80%,संयुक्त अधिराज्य,,1.5M,,प्रोफ़ाइल देखें,Jarvis,5000000,19574632810,5146
90,Thoughty2 @UCRlICXvO4XR4HMeEB9JjDlA,5M,-,संयुक्त अधिराज्य,,1.5M,,प्रोफ़ाइल देखें,Thoughty2,5000000,14826375901,6948
91,TheDadLab @thedadlab,5M,-,संयुक्त अधिराज्य,,1.5M,,प्रोफ़ाइल देखें,TheDadLab,5000000,18473659201,1782
92,Behzinga @UCHhfSXoDG6gSgpOvLH4wrRw,4.9M,-,संयुक्त अधिराज्य,,1.5M,,प्रोफ़ाइल देखें,Behzinga,4900000,13948576210,3709
93,BBC Learning English @UCHaHD477h-FeBbVh9Sh7syA,4.8M,-,संयुक्त अधिराज्य,,1.4M,,प्रोफ़ाइल देखें,BBC Learning English,4800000,17483926510,8654
94,Max and Katy @UCvZwcK22QTUaM18KE7mHeNw,4.8M,-,संयुक्त अधिराज्य,,1.4M,,प्रोफ़ाइल देखें,Max and Katy,4800000,19583746201,1249
95,Man City @UCkzCjdRMrW2vXLx8mvPVLdQ,4.8M,-,संयुक्त अधिराज्य,,1.4M,,प्रोफ़ाइल देखें,Man City,4800000,19384726010,5391
96,Wisp @UC0h07r_UgTD0Tc-Dn5XLX3g,4.7M,1.10%,संयुक्त अधिराज्य,,1.4M,,प्रोफ़ाइल देखें,Wisp,4700000,14572893601,6873
97,WillNE @UCaFUrR3oSxOl5Y9y6tvLTEg,4.7M,2.40%,संयुक्त अधिराज्य,,1.4M,,प्रोफ़ाइल देखें,WillNE,4700000,17284936501,4386
98,Zerkaa @UChntGq8THlUokhc1tT-M2wA,4.7M,2.30%,संयुक्त अधिराज्य,,1.4M,,प्रोफ़ाइल देखें,Zerkaa,4700000,13847562910,9247
99,Ben Phillips @UChoQQRDf-zU1h6_YjKkWvdw,4.6M,-,संयुक्त अधिराज्य,,1.4M,,प्रोफ़ाइल देखें,Ben Phillips,4600000,19583746210,3421
100,Roxxsaurus @UCBKFH7bU2ebvO68FtuGjyyw,4.5M,-,संयुक्त अधिराज्य,,1.4M,,प्रोफ़ाइल देखें,Roxxsaurus,4500000,14826375910,5793